tol_id,systematic_number,title,chapter,chapter_title,node_identifier,node_title,is_active,category_id,title_date,family_active_since,earliest_version_date,best_date,date_source,in_scope_to_2003,url,named_cantons,n_named_cantons
24576,1.1-1,"Vertrag zwischen den Ständen St.Gallen, Zürich und Schwyz betreffend die Festsetzung des Knotenpunktes, in welchem die Staatsgrenzen derselben auf dem Zürichsee bei Rapperswil zusammenlaufen",1,"Staat, Volk, Behörden",1.1,Gebiet,True,2,,1870-11-16,1871-03-10,1870-11-16,family_active_since,True,https://www.lexfind.ch/tol/24576/de,SG SZ ZH,3
24574,1.1-2,Vertrag zwischen den Ständen St.Gallen und Schwyz betreffend die Festsetzung der Staatsgrenze auf dem Zürichsee,1,"Staat, Volk, Behörden",1.1,Gebiet,True,2,,1870-11-16,1871-03-10,1870-11-16,family_active_since,True,https://www.lexfind.ch/tol/24574/de,SG SZ ZH,3
24575,1.1-3,Vertrag zwischen den Ständen St.Gallen und Zürich betreffend die Festsetzung der Staatsgrenze auf dem Zürichsee bei Rapperswil,1,"Staat, Volk, Behörden",1.1,Gebiet,True,2,,1870-09-28,1871-03-10,1870-09-28,family_active_since,True,https://www.lexfind.ch/tol/24575/de,SG ZH,2
34554,1.1-4,Staatsvertrag zwischen den Kantonen Zürich und Schaffhausen betreffend Festsetzung der Kantonsgrenze vom Urwerf (rechtsseitig) beziehungsweise der Ziegler’schen Tonwarenfabrik (linksseitig) bis Langwiesen,1,"Staat, Volk, Behörden",1.1,Gebiet,True,2,,1901-03-18,1901-10-21,1901-03-18,family_active_since,True,https://www.lexfind.ch/tol/34554/de,SH ZH,2
34564,1.2-2,Vereinbarung über die Konferenz der Kantonsregierungen,1,"Staat, Volk, Behörden",1.2,Zusammenarbeit,True,2,,1993-09-21,2006-03-24,1993-09-21,family_active_since,True,https://www.lexfind.ch/tol/34564/de,,0
24510,1.9-1,"Übereinkunft zwischen den hohen Ständen Luzern, Bern, Solothurn und Zug für die Organisation des Bistums Basel",1,"Staat, Volk, Behörden",1.9,Kirche und Staat,True,2,,1828-03-28,1828-07-13,1828-03-28,family_active_since,True,https://www.lexfind.ch/tol/24510/de,BE BS LU SO ZG,5
34593,1.9-10,"Übereinkunft zwischen dem katholischen Administrationsrat des Kantons St. Gallen und dem katholischen Kirchenrat des Kantons Thurgau betreffend die Kollaturverhältnisse in Hagenwil, Sitterdorf und Rickenbach",1,"Staat, Volk, Behörden",1.9,Kirche und Staat,True,2,,1869-08-06,1869-08-06,1869-08-06,family_active_since,True,https://www.lexfind.ch/tol/34593/de,SG TG,2
34595,1.9-11,Vereinbarung über die Pastoration und die Steuerpflicht der auf dem Gebiet des Hofes Raach wohnhaften Katholiken,1,"Staat, Volk, Behörden",1.9,Kirche und Staat,True,2,,1984-01-10,1984-01-16,1984-01-10,family_active_since,True,https://www.lexfind.ch/tol/34595/de,,0
34596,1.9-12,Vereinbarung über die Pastoration und die Steuerpflicht der auf dem Gebiet des Hofes Ruggisberg wohnhaften Katholiken,1,"Staat, Volk, Behörden",1.9,Kirche und Staat,True,2,,1984-01-10,1984-01-16,1984-01-10,family_active_since,True,https://www.lexfind.ch/tol/34596/de,,0
34555,1.9-3,Vertrag zwischen den Kantonen Schaffhausen und Thurgau betreffend die evangelisch-reformierte Kirchgemeinde Burg bei Stein am Rhein,1,"Staat, Volk, Behörden",1.9,Kirche und Staat,True,2,,1918-07-03,1919-03-31,1918-07-03,family_active_since,True,https://www.lexfind.ch/tol/34555/de,SH TG,2
34586,1.9-4,"Vertrag zwischen dem Regierungsrat des Kantons Zürich und dem evangelischen Kirchenrat des Kantons Thurgau über die Kirchenverhältnisse der Höfe Reggtal, Meiersboden und Horn",1,"Staat, Volk, Behörden",1.9,Kirche und Staat,True,2,,1926-04-24,1926-05-10,1926-04-24,family_active_since,True,https://www.lexfind.ch/tol/34586/de,TG ZH,2
34587,1.9-5,Regierungsrat des Kantons Zürich über die Bereinigung der Grenzen zwischen der Evangelischen Kirchgemeinde Aadorf- Aawangen und der Evangelisch-reformierten Kirchgemeinde Elgg,1,"Staat, Volk, Behörden",1.9,Kirche und Staat,True,2,,1974-01-16,1974-04-01,1974-01-16,family_active_since,True,https://www.lexfind.ch/tol/34587/de,ZH,1
34588,1.9-6,Vertrag zwischen dem Evangelischen Kirchenrat des Kantons Thurgau und dem Regierungsrat des Kantons Zürich über die Änderung der Grenzverhältnisse zwischen der Evangelischen Kirchgemeinde Dussnang und der Evangelisch-reformierten Kirchgemeinde Sitzberg,1,"Staat, Volk, Behörden",1.9,Kirche und Staat,True,2,,1997-10-22,1998-01-01,1997-10-22,family_active_since,True,https://www.lexfind.ch/tol/34588/de,TG ZH,2
34589,1.9-7,Übereinkunft zwischen den Kantonen Zürich und Thurgau betreffend die Grenzortschaften zürcherisch und thurgauisch Wilen,1,"Staat, Volk, Behörden",1.9,Kirche und Staat,True,2,,1886-10-23,1920-04-24,1886-10-23,family_active_since,True,https://www.lexfind.ch/tol/34589/de,TG ZH,2
34590,1.9-8,"Übereinkunft betreffend die kirchliche Besorgung der in Grenzgebieten des Kantons St. Gallen wohnenden Evangelischen, welche für ihre kirchlichen Angelegenheiten einer benachbarten Pfarrgemeinde des Kantons Thurgau zugeteilt werden",1,"Staat, Volk, Behörden",1.9,Kirche und Staat,True,2,,1870-05-13,2008-01-01,1870-05-13,family_active_since,True,https://www.lexfind.ch/tol/34590/de,SG TG,2
34591,1.9-8.1,Übereinkunft zwischen dem evangelischen Kirchenrat des Kantons St. Gallen und dem evangelischen Kirchenrat des Kantons Thurgau betreffend Aufhebung der bisherigen kirchlichen Zuteilung der Evangelischen in den politischen Gemeinden Wil und Bronschhofen zu der Gemeinde Sirnach und Einverleibung der evangelischen Einwohner der thurgauischen Ortschaft Rickenbach in die neu zu gründende Kirchgemeinde Wil,1,"Staat, Volk, Behörden",1.9,Kirche und Staat,True,2,,1889-06-28,1889-07-03,1889-06-28,family_active_since,True,https://www.lexfind.ch/tol/34591/de,SG TG,2
34592,1.9-8.2,Nachtrag zur Übereinkunft vom 11./14. Juni 1889 betreffend Zuteilung der evangelischen Einwohner zu Rickenbach und Wilen an die evangelische Kirchgemeinde Wil,1,"Staat, Volk, Behörden",1.9,Kirche und Staat,True,2,1889-06-11,1890-05-16,1890-06-13,1890-05-16,family_active_since,True,https://www.lexfind.ch/tol/34592/de,,0
34594,1.9-9,"Übereinkunft zwischen den Ständen Zürich und Thurgau betreffend definitive Regulierung der kirchlichen Verhältnisse der Höfe Renggerschwil, Scheurli und Emmerwies",1,"Staat, Volk, Behörden",1.9,Kirche und Staat,True,2,,1846-04-18,1846-04-18,1846-04-18,family_active_since,True,https://www.lexfind.ch/tol/34594/de,TG ZH,2
24507,2.3-1,"Übereinkommen zwischen den Regierungen der Kantone Appenzell A.Rh. und St.Gallen betreffend die Beurkundung und die grundbuchliche Behandlung von Rechtsgeschäften über dingliche Rechte an Grundstücken, die in beiden Kantonen liegen",2,"Privatrecht, Zivilrechtspflege",2.3,Sachenrecht,True,2,,1940-07-09,1941-03-24,1940-07-09,family_active_since,True,https://www.lexfind.ch/tol/24507/de,AR SG,2
24508,2.3-2,"Übereinkommen zwischen den Regierungen der Kantone St.Gallen und Thurgau betreffend die Beurkundung und die grundbuchliche Behandlung von Rechtsgeschäften über dingliche Rechte an Grundstücken, die in beiden Kantonen liegen",2,"Privatrecht, Zivilrechtspflege",2.3,Sachenrecht,True,2,,1938-09-10,1938-11-29,1938-09-10,family_active_since,True,https://www.lexfind.ch/tol/24508/de,SG TG,2
34578,2.3-3,"Übereinkunft zwischen den Kantonen Zürich und Thurgau betreffend die Beurkundung und die grundbuchliche Behandlung von Rechtsgeschäften über Grundstücke, die in beiden Kantonen liegen",2,"Privatrecht, Zivilrechtspflege",2.3,Sachenrecht,True,2,,1926-12-24,1927-02-04,1926-12-24,family_active_since,True,https://www.lexfind.ch/tol/34578/de,TG ZH,2
34579,2.3-4,"Übereinkunft zwischen den Kantonen Zürich und Thurgau betreffend die neue Feststellung der notarialischen Fertigungsgrenze für die auf der Kantonsgrenze Zürich-Thurgau liegenden Grundstücke der Gemeinden Ossingen, Waltalingen, zürcherisch Wilen und Oberneunforn",2,"Privatrecht, Zivilrechtspflege",2.3,Sachenrecht,True,2,,1907-10-18,1907-11-30,1907-10-18,family_active_since,True,https://www.lexfind.ch/tol/34579/de,TG ZH,2
24567,3.7-5,Vertrag zwischen den Kantonen Basel-Stadt und Zug zur Errichtung und zum Betrieb einer gemeinsamen Strafanstalt im Bostadel (Kanton Zug),3,Strafrechtspflege - Strafvollzug,3.7,Straf- und Massnahmenvollzug,True,2,,1972-12-21,1990-12-07,1972-12-21,family_active_since,True,https://www.lexfind.ch/tol/24567/de,BS ZG,2
24586,3.7-5.1,Personalverordnung für die Mitarbeiterinnen und Mitarbeiter der Strafanstalt Bostadel,3,Strafrechtspflege - Strafvollzug,3.7,Straf- und Massnahmenvollzug,True,2,,2000-11-28,2015-10-01,2000-11-28,family_active_since,True,https://www.lexfind.ch/tol/24586/de,,0
24417,4.1-1,Interkantonale Vereinbarung für Schulen mit spezifisch strukturierten Angeboten für Hochbegabte,4,Schule - Wissenschaft - Kultur,4.1,Allgemeines,True,2,,2003-02-20,2004-08-01,2003-02-20,family_active_since,True,https://www.lexfind.ch/tol/24417/de,,0
24607,4.1-1.1,Interkantonale Vereinbarung für Schulen mit spezifisch strukturierten Angeboten für Hochbegabte: Anhang,4,Schule - Wissenschaft - Kultur,4.1,Allgemeines,True,2,,2003-02-20,2018-08-01,2003-02-20,family_active_since,True,https://www.lexfind.ch/tol/24607/de,,0
24532,4.1-10.2,Vereinbarung über die Leistung von Schulbeiträgen für Auszubildende an Schulen der Sekundarstufe II --> 4.3-10.3.1,4,Schule - Wissenschaft - Kultur,4.1,Allgemeines,False,2,,2001-03-01,2001-08-13,2001-03-01,family_active_since,True,https://www.lexfind.ch/tol/24532/de,,0
24513,4.1-2,Vereinbarung der Innerschweizer Kantone über Ausbildungen für Berufe des Gesundheitswesens,4,Schule - Wissenschaft - Kultur,4.1,Allgemeines,True,2,,1998-10-20,1999-01-01,1998-10-20,family_active_since,True,https://www.lexfind.ch/tol/24513/de,,0
24546,4.1-3,Vereinbarung zwischen den Kantonen Appenzell A.Rh. und St.Gallen über die Primarschulverhältnisse von Schönengrund und St.Peterzell,4,Schule - Wissenschaft - Kultur,4.1,Allgemeines,True,2,,1973-02-26,1973-04-03,1973-02-26,family_active_since,True,https://www.lexfind.ch/tol/24546/de,AR SG,2
24533,4.1-4,Vereinbarung über die Musikschule Appenzeller Vorderland,4,Schule - Wissenschaft - Kultur,4.1,Allgemeines,True,2,,1981-08-27,1981-11-10,1981-08-27,family_active_since,True,https://www.lexfind.ch/tol/24533/de,,0
24534,4.1-5,Vereinbarung über die Schul- und Steuerverhältnisse in Grenzgebieten des Kantons St.Gallen zum Kanton Thurgau,4,Schule - Wissenschaft - Kultur,4.1,Allgemeines,True,2,,1987-08-28,1987-09-01,1987-08-28,family_active_since,True,https://www.lexfind.ch/tol/24534/de,SG TG,2
34556,4.1-6,Rahmenvertrag zwischen dem Kanton Thurgau und dem Kanton Zürich über den kantonsübergreifenden Schulbesuch,4,Schule - Wissenschaft - Kultur,4.1,Allgemeines,True,2,,2000-02-09,2000-01-01,2000-02-09,family_active_since,True,https://www.lexfind.ch/tol/34556/de,TG ZH,2
24479,4.2-1,Konkordat über die Schulkoordination,4,Schule - Wissenschaft - Kultur,4.2,"Vorschule, Primarstufe, Sekundarstufe I",True,2,,1970-12-07,1971-06-01,1970-12-07,family_active_since,True,https://www.lexfind.ch/tol/24479/de,,0
24522,4.2-3,Vereinbarung über den Schulbesuch der Kinder von Oberholz in Wald,4,Schule - Wissenschaft - Kultur,4.2,"Vorschule, Primarstufe, Sekundarstufe I",True,2,,1980-03-26,1980-04-23,1980-03-26,family_active_since,True,https://www.lexfind.ch/tol/24522/de,,0
24521,4.2-4,Vereinbarung über den Schulbesuch der Kinder aus dem Raum Kubel (Gemeinde Stein AR) in der Stadt St.Gallen,4,Schule - Wissenschaft - Kultur,4.2,"Vorschule, Primarstufe, Sekundarstufe I",True,2,,1990-05-22,1990-08-01,1990-05-22,family_active_since,True,https://www.lexfind.ch/tol/24521/de,SG,1
24537,4.2-5,Vereinbarung über den Schulbesuch der Kinder von Steinach auf der Oberstufe,4,Schule - Wissenschaft - Kultur,4.2,"Vorschule, Primarstufe, Sekundarstufe I",True,2,,1997-06-10,1998-08-01,1997-06-10,family_active_since,True,https://www.lexfind.ch/tol/24537/de,,0
35147,4.2-6,Vereinbarung über die Volksschulverhältnisse des Weilers Kapf (Gemeinde Oberegg AI),4,Schule - Wissenschaft - Kultur,4.2,"Vorschule, Primarstufe, Sekundarstufe I",True,2,,2003-12-02,2003-12-16,2003-12-02,family_active_since,True,https://www.lexfind.ch/tol/35147/de,,0
24525,4.3-10,Vereinbarung über die Beteiligung des Kantons Thurgau an der Kantonsschule Wil,4,Schule - Wissenschaft - Kultur,4.3,Mittelschule / Sekundarstufe II,True,2,,1999-10-19,2012-06-01,1999-10-19,family_active_since,True,https://www.lexfind.ch/tol/24525/de,TG,1
34557,4.3-13,Vereinbarung über die Thurgauisch-Schaffhauserische Maturitätsschule für Erwachsene,4,Schule - Wissenschaft - Kultur,4.3,Mittelschule / Sekundarstufe II,True,2,,1993-04-13,2018-01-01,1993-04-13,family_active_since,True,https://www.lexfind.ch/tol/34557/de,TG,1
34695,4.3-13.2,Reglement über die Maturitätsprüfungen an der Thurgauisch-Schaffhauserischen Maturitätsschule für Erwachsene,4,Schule - Wissenschaft - Kultur,4.3,Mittelschule / Sekundarstufe II,True,2,,1995-12-05,2024-02-01,1995-12-05,family_active_since,True,https://www.lexfind.ch/tol/34695/de,TG,1
34668,4.3-2,Vereinbarung über die Leistung von Schulbeiträgen für Auszubildende an Schulen der Sekundarstufe II,4,Schule - Wissenschaft - Kultur,4.3,Mittelschule / Sekundarstufe II,True,2,,2001-03-01,2001-08-13,2001-03-01,family_active_since,True,https://www.lexfind.ch/tol/34668/de,,0
24434,4.3-5,Interkantonale Vereinbarung über die Aufnahme von Schülern in die landwirtschaftlichen Schulen Sennwald und Flawil,4,Schule - Wissenschaft - Kultur,4.3,Mittelschule / Sekundarstufe II,True,2,,1982-05-06,1982-10-01,1982-05-06,family_active_since,True,https://www.lexfind.ch/tol/24434/de,,0
24594,4.3-5.1,Vereinbarung über den Besuch der landwirtschaftlichen Schulen Sennwald und Flawil durch Schüler aus dem Fürstentum Liechtenstein,4,Schule - Wissenschaft - Kultur,4.3,Mittelschule / Sekundarstufe II,True,2,,1988-07-05,1988-10-01,1988-07-05,family_active_since,True,https://www.lexfind.ch/tol/24594/de,,0
24531,4.3-6,Vereinbarung über die Interstaatliche Maturitätsschule für Erwachsene St.Gallen/Sargans,4,Schule - Wissenschaft - Kultur,4.3,Mittelschule / Sekundarstufe II,True,2,,1992-08-18,1994-01-01,1992-08-18,family_active_since,True,https://www.lexfind.ch/tol/24531/de,SG,1
24469,4.3-7,Vereinbarung über den Ausbau und Betrieb der Interkantonalen Försterschule Maienfeld,4,Schule - Wissenschaft - Kultur,4.3,Mittelschule / Sekundarstufe II,True,2,,1992-01-30,1992-02-07,1992-01-30,family_active_since,True,https://www.lexfind.ch/tol/24469/de,,0
24536,4.3-8,Vereinbarung über die Sekundar- und Realschulverhältnisse von Schönengrund,4,Schule - Wissenschaft - Kultur,4.3,Mittelschule / Sekundarstufe II,True,2,,1986-06-03,1986-04-16,1986-06-03,family_active_since,True,https://www.lexfind.ch/tol/24536/de,,0
24535,4.3-9,Vereinbarung über die Schule für Gesundheits- und Krankenpflege Stephanshorn und die Schule für technische Operationsassistenten in St.Gallen,4,Schule - Wissenschaft - Kultur,4.3,Mittelschule / Sekundarstufe II,True,2,,1996-11-26,1997-01-01,1996-11-26,family_active_since,True,https://www.lexfind.ch/tol/24535/de,SG,1
24397,4.4-1,Interkantonale Universitätsvereinbarung,4,Schule - Wissenschaft - Kultur,4.4,Tertiärstufe,True,2,,1997-05-16,1999-01-01,1997-05-16,family_active_since,True,https://www.lexfind.ch/tol/24397/de,,0
24412,4.4-2,Interkantonale Fachhochschulvereinbarung,4,Schule - Wissenschaft - Kultur,4.4,Tertiärstufe,True,2,,2003-09-02,2005-09-01,2003-09-02,family_active_since,True,https://www.lexfind.ch/tol/24412/de,,0
24595,4.4-2.1,FHV Anhang: Studiengänge der Fachhochschulen,4,Schule - Wissenschaft - Kultur,4.4,Tertiärstufe,True,2,,2003-06-12,2018-10-15,2003-06-12,family_active_since,True,https://www.lexfind.ch/tol/24595/de,,0
24596,4.4-2.2,FHV Anhang: Studiengänge der Pädagogischen Hochschulen,4,Schule - Wissenschaft - Kultur,4.4,Tertiärstufe,True,2,,2003-06-12,2018-10-15,2003-06-12,family_active_since,True,https://www.lexfind.ch/tol/24596/de,,0
24445,4.4-5,Interkantonale Vereinbarung über die Hochschule für Heilpädagogik Zürich,4,Schule - Wissenschaft - Kultur,4.4,Tertiärstufe,True,2,,2000-03-15,2001-02-07,2000-03-15,family_active_since,True,https://www.lexfind.ch/tol/24445/de,ZH,1
24600,4.4-7,Vereinbarung über die Hochschule für Technik Buchs,4,Schule - Wissenschaft - Kultur,4.4,Tertiärstufe,False,2,,1967-06-01,2001-02-20,1967-06-01,family_active_since,True,https://www.lexfind.ch/tol/24600/de,,0
24407,4.4-7.2,Beschluss des Technikumsrates des Neu-Technikums Buchs betreffend anzuwendende Verfahrensvorschriften,4,Schule - Wissenschaft - Kultur,4.4,Tertiärstufe,False,2,,1992-02-05,1992-05-19,1992-02-05,family_active_since,True,https://www.lexfind.ch/tol/24407/de,,0
24529,4.4-8,Vereinbarung über die Interkantonale Fachhochschule St.Gallen,4,Schule - Wissenschaft - Kultur,4.4,Tertiärstufe,False,2,,1999-01-11,2000-01-01,1999-01-11,family_active_since,True,https://www.lexfind.ch/tol/24529/de,SG,1
24465,4.4-9.1,Interkantonaler Vertrag über die parlamentarische Aufsicht über die Fachhochschule der Westschweiz (HES-SO),4,Schule - Wissenschaft - Kultur,4.4,Tertiärstufe,True,2,,2003-02-28,2005-01-01,2003-02-28,family_active_since,True,https://www.lexfind.ch/tol/24465/de,,0
24433,4.5-1,Interkantonale Vereinbarung über die Anerkennung von Ausbildungsabschlüssen,4,Schule - Wissenschaft - Kultur,4.5,Anerkennung von Diplomen,True,2,,1993-05-12,2017-01-01,1993-05-12,family_active_since,True,https://www.lexfind.ch/tol/24433/de,,0
24499,4.5-1.10,Reglement über die Anerkennung von Hochschuldiplomen in Logopädie,4,Schule - Wissenschaft - Kultur,4.5,Anerkennung von Diplomen,True,2,,2000-11-03,2009-10-29,2000-11-03,family_active_since,True,https://www.lexfind.ch/tol/24499/de,,0
24488,4.5-1.3,Reglement der EDK über die Anerkennung von gymnasialen Maturitätszeugnissen,4,Schule - Wissenschaft - Kultur,4.5,Anerkennung von Diplomen,True,2,,1995-01-16,2018-08-01,1995-01-16,family_active_since,True,https://www.lexfind.ch/tol/24488/de,,0
24496,4.5-1.4,Reglement über die Anerkennung der Abschlüsse von Fachmittelschulen,4,Schule - Wissenschaft - Kultur,4.5,Anerkennung von Diplomen,True,2,,2003-06-12,2007-10-26,2003-06-12,family_active_since,True,https://www.lexfind.ch/tol/24496/de,,0
32200,4.5-1.6,Reglement über die Anerkennung der Lehrdiplome für Maturitätsschulen,4,Schule - Wissenschaft - Kultur,4.5,Anerkennung von Diplomen,False,2,,1998-06-04,2008-04-01,1998-06-04,family_active_since,True,https://www.lexfind.ch/tol/32200/de,,0
32201,4.5-1.8,Reglement über die Anerkennung von Hochschuldiplomen für Lehrkräfte der Vorschulstufe und der Primarstufe,4,Schule - Wissenschaft - Kultur,4.5,Anerkennung von Diplomen,False,2,,1999-06-10,2012-08-01,1999-06-10,family_active_since,True,https://www.lexfind.ch/tol/32201/de,,0
32202,4.5-1.9,Reglement über die Anerkennung von Hochschuldiplomen für Lehrkräfte der Sekundarstufe I,4,Schule - Wissenschaft - Kultur,4.5,Anerkennung von Diplomen,False,2,,1999-08-26,2016-03-17,1999-08-26,family_active_since,True,https://www.lexfind.ch/tol/32202/de,,0
24527,4.7-2,Vereinbarung über die Führung von Sonderklassen in der Region Mittelrheintal,4,Schule - Wissenschaft - Kultur,4.7,Sonderpädagogik,True,2,,1981-08-27,1982-02-23,1981-08-27,family_active_since,True,https://www.lexfind.ch/tol/24527/de,,0
24509,5.3-1,Übereinkunft betreffend die Polizeitransporte,5,Sicherheit,5.3,Polizei,True,2,,1909-06-23,1910-01-01,1909-06-23,family_active_since,True,https://www.lexfind.ch/tol/24509/de,,0
24547,5.3-12,Vereinbarung zwischen den Kantonen Glarus und St.Gallen über die Ausübung der Autobahnpolizei auf der N 3 von der Kantonsgrenze Bilten bis zum Anschlusswerk Doggen,5,Sicherheit,5.3,Polizei,True,2,,1973-12-27,1995-03-20,1973-12-27,family_active_since,True,https://www.lexfind.ch/tol/24547/de,GL SG,2
24552,5.3-13,"Vereinbarung zwischen den Kantonen St.Gallen und Schwyz über die Ausübung der Autobahnpolizei auf der im Kanton Schwyz liegenden Teilstrecke der N 3, Zubringer Schmerikon, zwischen der Verzweigung Doggen und der Kantonsgrenze St.Gallen – Schwyz",5,Sicherheit,5.3,Polizei,True,2,,1978-01-09,1977-12-15,1978-01-09,family_active_since,True,https://www.lexfind.ch/tol/24552/de,SG SZ,2
24562,5.3-14,Vereinbarung zwischen den Kantonen Zürich und St.Gallen über die Ausübung der Autobahnpolizei auf der N 3 von der Kantonsgrenze Schwyz – St.Gallen beim Wildbachkanal bis zum Autobahnkreuz Reichenburg,5,Sicherheit,5.3,Polizei,True,2,,1975-03-25,1973-11-30,1975-03-25,family_active_since,True,https://www.lexfind.ch/tol/24562/de,SG SZ ZH,3
34567,5.3-17,"Vereinbarung zwischen den Kantonen Zürich und Schaffhausen über die Ausübung der Polizeidienste auf der Nationalstrasse 4 (N 4), Schaffhausen–Winterthur, Abschnitt Flurlingen",5,Sicherheit,5.3,Polizei,True,2,,1995-02-08,1995-05-23,1995-02-08,family_active_since,True,https://www.lexfind.ch/tol/34567/de,SH ZH,2
34585,5.3-20,Vereinbarung zwischen den Kantonen Thurgau und Zürich über die Ausübung der Autobahnpolizei auf der N 1 und der N 7,5,Sicherheit,5.3,Polizei,True,2,,1976-08-04,1976-08-11,1976-08-04,family_active_since,True,https://www.lexfind.ch/tol/34585/de,TG ZH,2
24448,5.3-7,Interkantonale Vereinbarung über die polizeiliche Zusammenarbeit,5,Sicherheit,5.3,Polizei,True,2,,1976-06-14,1977-06-01,1976-06-14,family_active_since,True,https://www.lexfind.ch/tol/24448/de,,0
24480,5.3-8,Konkordat über die Sicherheitsunternehmen,5,Sicherheit,5.3,Polizei,True,2,,1996-10-18,2014-04-01,1996-10-18,family_active_since,True,https://www.lexfind.ch/tol/24480/de,,0
24484,6.2-1,Konkordat zwischen den Kantonen der Schweizerischen Eidgenossenschaft über den Ausschluss von Steuerabkommen,6,"Finanzen, Steuern und Regale",6.2,Steuern,True,2,,1949-02-10,1949-10-06,1949-02-10,family_active_since,True,https://www.lexfind.ch/tol/24484/de,,0
34583,6.2-10,Convention de réciprocité entre le Conseil d'Etat du canton de Thurgovie et le Conseil d'Etat du canton de Vaud en matière d'exonération de l'impôt sur les successions et donations,6,"Finanzen, Steuern und Regale",6.2,Steuern,True,2,,1968-05-13,1968-06-14,1968-05-13,family_active_since,True,https://www.lexfind.ch/tol/34583/de,,0
34597,6.2-11,Vereinbarung zwischen dem Regierungsrat des Kantons Schaffhausen und dem Regierungsrat des Kantons Thurgau betreffend Befreiung von der Erbschafts- oder Schenkungssteuer auf Zuwendungen für gemeinnützige Zwecke,6,"Finanzen, Steuern und Regale",6.2,Steuern,True,2,,1931-12-14,1931-12-21,1931-12-14,family_active_since,True,https://www.lexfind.ch/tol/34597/de,SH TG,2
34598,6.2-12,Vereinbarung zwischen dem Regierungsrat des Kantons Thurgau einerseits und dem Regierungsrat des Kantons Zürich anderseits betreffend Steuerbefreiung für Zuwendungen von der Erbschaftssteuer,6,"Finanzen, Steuern und Regale",6.2,Steuern,True,2,,1926-05-29,1926-06-10,1926-05-29,family_active_since,True,https://www.lexfind.ch/tol/34598/de,TG ZH,2
34599,6.2-13,"Gegenrechtsvereinbarung zwischen der Regierung des Kantons Graubünden und dem Regierungsrat des Kantons Thurgau über die Befreiung von Zuwendungen zu öffentlichen, gemeinnützigen oder wohltätigen Zwecken von der Erbschafts- und Schenkungssteuer",6,"Finanzen, Steuern und Regale",6.2,Steuern,True,2,,1958-05-07,1958-05-19,1958-05-07,family_active_since,True,https://www.lexfind.ch/tol/34599/de,GR TG,2
34600,6.2-14,Gegenrechtsvereinbarung zwischen den Regierungen der Kantone Uri und Thurgau betreffend die Befreiung von der Erbschafts- und Schenkungssteuer,6,"Finanzen, Steuern und Regale",6.2,Steuern,True,2,,1994-05-24,1994-05-31,1994-05-24,family_active_since,True,https://www.lexfind.ch/tol/34600/de,TG UR,2
34601,6.2-15,Gegenrechtsvereinbarung zwischen den Regierungen der Kantone Thurgau und Solothurn betreffend Befreiung von der Erbschafts- und Schenkungssteuer,6,"Finanzen, Steuern und Regale",6.2,Steuern,True,2,,1990-02-20,1990-03-13,1990-02-20,family_active_since,True,https://www.lexfind.ch/tol/34601/de,SO TG,2
34602,6.2-16,"Gegenrechtsvereinbarung zwischen dem Regierungsrat des Kantons Thurgau und dem Regierungsrat des Kantons Appenzell A. Rh. über die Steuerbefreiung von Zuwendungen für öffentliche, gemeinnützige, wohltätige oder religiöse Zwecke auf dem Gebiete der Erbschafts-, Vermächtnis- und Schenkungssteuern",6,"Finanzen, Steuern und Regale",6.2,Steuern,True,2,,1969-04-14,1969-05-06,1969-04-14,family_active_since,True,https://www.lexfind.ch/tol/34602/de,TG,1
34603,6.2-17,Gegenrechtserklärung zwischen den Regierungsräten der Kantone Thurgau und Zug betreffend Befreiung von der Erbschaftssteuer,6,"Finanzen, Steuern und Regale",6.2,Steuern,True,2,,1933-02-14,1933-02-20,1933-02-14,family_active_since,True,https://www.lexfind.ch/tol/34603/de,TG ZG,2
34604,6.2-18,Gegenrechtserklärung zwischen den Regierungen der Kantone Thurgau und Wallis betreffend die Befreiung von der Erbschafts- und Schenkungssteuer,6,"Finanzen, Steuern und Regale",6.2,Steuern,True,2,,1978-06-14,1978-08-15,1978-06-14,family_active_since,True,https://www.lexfind.ch/tol/34604/de,TG VS,2
34605,6.2-19,Gegenrechtserklärung zwischen den Regierungen der Kantone Thurgau und Luzern betreffend Befreiung von der Erbschaftssteuer,6,"Finanzen, Steuern und Regale",6.2,Steuern,True,2,,1934-03-01,1934-03-13,1934-03-01,family_active_since,True,https://www.lexfind.ch/tol/34605/de,LU TG,2
24541,6.2-2,"Vereinbarung zwischen dem Regierungsrat des Kantons Basel-Landschaft und dem Regierungsrat des Kantons St.Gallen betreffend die Erbschafts-, Vermächtnis- und Schenkungssteuer",6,"Finanzen, Steuern und Regale",6.2,Steuern,True,2,,1960-12-05,1960-12-05,1960-12-05,family_active_since,True,https://www.lexfind.ch/tol/24541/de,BL SG,2
24545,6.2-3,"Vereinbarung zwischen dem Regierungsrat des Kantons Zürich und dem Regierungsrat des Kantons St.Gallen betreffend Steuerbefreiung für Zuwendungen an gemeinnützige, wohltätige oder kirchliche Zwecke",6,"Finanzen, Steuern und Regale",6.2,Steuern,True,2,,1964-06-30,1964-07-23,1964-06-30,family_active_since,True,https://www.lexfind.ch/tol/24545/de,SG ZH,2
24543,6.2-4,Vereinbarung zwischen dem Regierungsrat des Kantons St.Gallen und dem Regierungsrat des Kantons Luzern über Steuerbefreiung für Zuwendungen an kirchliche Zwecke,6,"Finanzen, Steuern und Regale",6.2,Steuern,True,2,,1965-02-04,1965-02-04,1965-02-04,family_active_since,True,https://www.lexfind.ch/tol/24543/de,LU SG,2
24542,6.2-5,Vereinbarung zwischen dem Regierungsrat des Kantons Basel-Stadt und dem Regierungsrat des Kantons St.Gallen über Steuerbefreiung für Zuwendungen an gemeinnützige und wohltätige Zwecke,6,"Finanzen, Steuern und Regale",6.2,Steuern,True,2,,1965-12-13,1965-12-13,1965-12-13,family_active_since,True,https://www.lexfind.ch/tol/24542/de,BS SG,2
24560,6.2-6,"Vereinbarung zwischen den Kantonen Zug und St.Gallen über die Befreiung von Zuwendungen an gemeinnützige, wohltätige oder kirchliche Zwecke von der Erbschafts- und Schenkungssteuer",6,"Finanzen, Steuern und Regale",6.2,Steuern,True,2,,1966-10-17,1966-11-05,1966-10-17,family_active_since,True,https://www.lexfind.ch/tol/24560/de,SG ZG,2
24540,6.2-7,"Vereinbarung zwischen dem Kanton Schaffhausen und dem Kanton St.Gallen über die Befreiung von Zuwendungen an gemeinnützige, wohltätige oder kirchliche Zwecke von der Erbschafts- und Schenkungssteuer",6,"Finanzen, Steuern und Regale",6.2,Steuern,True,2,,1967-09-22,1967-10-21,1967-09-22,family_active_since,True,https://www.lexfind.ch/tol/24540/de,SG SH,2
24544,6.2-8,Vereinbarung zwischen dem Regierungsrat des Kantons St.Gallen und dem Staatsrat der Republik und des Kantons Neuenburg über die Befreiung bestimmter Zuwendungen von den Erbschafts- und Schenkungssteuern,6,"Finanzen, Steuern und Regale",6.2,Steuern,True,2,,1973-10-26,1973-10-26,1973-10-26,family_active_since,True,https://www.lexfind.ch/tol/24544/de,NE SG,2
34582,6.2-9,Convention de réciprocité entre le Conseil d'Etat du canton de Thurgovie et le Conseil d'Etat du canton de Neuchâtel en matière d'exonération de l'impôt sur les successions et sur les donations,6,"Finanzen, Steuern und Regale",6.2,Steuern,True,2,,1971-02-22,1971-05-29,1971-02-22,family_active_since,True,https://www.lexfind.ch/tol/34582/de,,0
24561,6.3-1,Vereinbarung zwischen den Kantonen Zürich und St.Gallen über die Anerkennung von Fähigkeitsausweisen zur Jagdausübung,6,"Finanzen, Steuern und Regale",6.3,Jagd,True,2,,1970-12-24,1970-12-24,1970-12-24,family_active_since,True,https://www.lexfind.ch/tol/24561/de,SG ZH,2
24554,6.3-2,Vereinbarung zwischen den Kantonen St.Gallen und Thurgau über die Ausübung der Jagd im Grenzbereich,6,"Finanzen, Steuern und Regale",6.3,Jagd,True,2,,1978-01-10,1978-04-08,1978-01-10,family_active_since,True,https://www.lexfind.ch/tol/24554/de,SG TG,2
24474,6.4-1,Konkordat über die Fischerei im Zugersee,6,"Finanzen, Steuern und Regale",6.4,Fischerei,True,2,,1969-07-01,1970-04-01,1969-07-01,family_active_since,True,https://www.lexfind.ch/tol/24474/de,ZG,1
24404,6.4-1.1,Ausführungsbestimmungen zum Konkordat über die Fischerei im Zugersee,6,"Finanzen, Steuern und Regale",6.4,Fischerei,True,2,,1996-05-23,2019-03-01,1996-05-23,family_active_since,True,https://www.lexfind.ch/tol/24404/de,ZG,1
24548,6.4-10,Vereinbarung zwischen den Kantonen Schwyz und St.Gallen über die Angelfischerei im schwyzerisch-st.gallischen Gebiet des Zürich-Obersees,6,"Finanzen, Steuern und Regale",6.4,Fischerei,True,2,,2003-08-12,2004-01-01,2003-08-12,family_active_since,True,https://www.lexfind.ch/tol/24548/de,SG SZ ZH,3
24568,6.4-11,Vertrag zwischen den Kantonen Schwyz und St.Gallen über die Schwebnetzfischerei im Zürich-Obersee,6,"Finanzen, Steuern und Regale",6.4,Fischerei,True,2,,1945-07-09,1961-12-08,1945-07-09,family_active_since,True,https://www.lexfind.ch/tol/24568/de,SG SZ ZH,3
34560,6.4-12,Übereinkunft über die Fischerei in den zürcherisch-schaffhausischen Grenzabschnitten des Rheins,6,"Finanzen, Steuern und Regale",6.4,Fischerei,True,2,,1998-12-02,1999-03-03,1998-12-02,family_active_since,True,https://www.lexfind.ch/tol/34560/de,,0
24512,6.4-2,"Übereinkunft zwischen den Kantonen Zürich, Schwyz, Glarus und St.Gallen über die Fischerei im Zürichsee, Linthkanal und Walensee",6,"Finanzen, Steuern und Regale",6.4,Fischerei,True,2,,1994-09-28,2008-01-01,1994-09-28,family_active_since,True,https://www.lexfind.ch/tol/24512/de,GL SG SZ ZH,4
24408,6.4-3,Concordat sur la pêche dans le lac Léman,6,"Finanzen, Steuern und Regale",6.4,Fischerei,True,2,,1999-10-07,2001-01-01,1999-10-07,family_active_since,True,https://www.lexfind.ch/tol/24408/de,,0
24589,6.4-3.1,Règlementd'exécution du concordat intercantonal sur la pêche dans le lac Léman,6,"Finanzen, Steuern und Regale",6.4,Fischerei,True,2,,2000-06-29,2001-01-01,2000-06-29,family_active_since,True,https://www.lexfind.ch/tol/24589/de,,0
24506,6.4-4,Übereinkommen zwischen den Kantonen Graubünden und St.Gallen betreffend Ausübung der Fischerei auf der Grenzstrecke im Rhein,6,"Finanzen, Steuern und Regale",6.4,Fischerei,False,2,,1936-10-01,1937-01-01,1936-10-01,family_active_since,True,https://www.lexfind.ch/tol/24506/de,GR SG,2
24511,6.4-5,Übereinkunft zwischen den Kantonen Zürich und St.Gallen über die Fischerei in den zürcherisch-st.gallischen Grenzgewässern,6,"Finanzen, Steuern und Regale",6.4,Fischerei,True,2,,1946-04-13,1998-08-25,1946-04-13,family_active_since,True,https://www.lexfind.ch/tol/24511/de,SG ZH,2
24466,6.4-6,Übereinkunft zwischen den Kantonen Zürich und Zug über die Fischerei im zürcherisch-zugerischen Grenzabschnitt der Sihl,6,"Finanzen, Steuern und Regale",6.4,Fischerei,True,2,,1947-04-24,1947-05-01,1947-04-24,family_active_since,True,https://www.lexfind.ch/tol/24466/de,ZG ZH,2
24400,6.4-6.1,Ausführungsbestimmungen über die Ausübung der Fischerei in der zürcherisch-zugerischen Grenzstrecke der Sihl,6,"Finanzen, Steuern und Regale",6.4,Fischerei,True,2,,1977-10-20,1978-05-01,1977-10-20,family_active_since,True,https://www.lexfind.ch/tol/24400/de,,0
24467,6.4-7,Übereinkommen betreffend die Fischerei im luzernisch-zugerischen Grenzabschnitt des Aabaches,6,"Finanzen, Steuern und Regale",6.4,Fischerei,True,2,,1958-10-03,1959-01-01,1958-10-03,family_active_since,True,https://www.lexfind.ch/tol/24467/de,,0
24461,6.4-8,Interkantonale Vereinbarung zwischen den Kantonen Appenzell A.Rh. und St.Gallen über die fischereiliche Zuständigkeit in den Grenzgewässern,6,"Finanzen, Steuern und Regale",6.4,Fischerei,True,2,,1981-02-13,1981-03-12,1981-02-13,family_active_since,True,https://www.lexfind.ch/tol/24461/de,AR SG,2
24463,6.4-9,Interkantonale Vereinbarung zwischen den Kantonen Thurgau und St.Gallen über die Fischerei in den Grenzgewässern,6,"Finanzen, Steuern und Regale",6.4,Fischerei,True,2,,1984-04-03,1996-01-01,1984-04-03,family_active_since,True,https://www.lexfind.ch/tol/24463/de,SG TG,2
24425,6.5-1.1,Interkantonale Vereinbarung über den Salzverkauf in der Schweiz,6,"Finanzen, Steuern und Regale",6.5,Salzregal,True,2,,1974-02-28,1975-10-01,1974-02-28,family_active_since,True,https://www.lexfind.ch/tol/24425/de,,0
24462,7.2-1,"Interkantonale Vereinbarung zwischen den Kantonen Glarus, Schwyz, St.Gallen und Zürich über das Linthwerk",7,"Öffentliche Werke, Energie, Verkehr, Umweltschutz",7.2,Wasserbau,True,2,,2001-04-25,2004-01-01,2001-04-25,family_active_since,True,https://www.lexfind.ch/tol/24462/de,GL SG SZ ZH,4
24590,7.2-1.1,Verordnung über den Schutz und die Nutzung der Anlagen des Linthwerkes,7,"Öffentliche Werke, Energie, Verkehr, Umweltschutz",7.2,Wasserbau,True,2,,2003-11-20,2016-05-27,2003-11-20,family_active_since,True,https://www.lexfind.ch/tol/24590/de,,0
24591,7.2-1.2,Verordnung über die Benutzung der Strassen des Linthwerkes,7,"Öffentliche Werke, Energie, Verkehr, Umweltschutz",7.2,Wasserbau,True,2,,2003-11-20,2016-05-27,2003-11-20,family_active_since,True,https://www.lexfind.ch/tol/24591/de,,0
33939,7.2-1.3,Verordnung über die Schifffahrt auf dem Linthkanal,7,"Öffentliche Werke, Energie, Verkehr, Umweltschutz",7.2,Wasserbau,True,2,,2003-11-20,2022-06-01,2003-11-20,family_active_since,True,https://www.lexfind.ch/tol/33939/de,,0
34577,7.2-2,Übereinkunft betreffend die Korrektion der Goldach bei Horn,7,"Öffentliche Werke, Energie, Verkehr, Umweltschutz",7.2,Wasserbau,True,2,,1891-02-23,1891-02-27,1891-02-23,family_active_since,True,https://www.lexfind.ch/tol/34577/de,,0
24551,7.3-1,Vereinbarung zwischen den Kantonen St.Gallen und Glarus über den Unterhalt der Brücke über den Linthkanal bei Ziegelbrücke,7,"Öffentliche Werke, Energie, Verkehr, Umweltschutz",7.3,Strassen,True,2,,1991-03-11,2012-05-23,1991-03-11,family_active_since,True,https://www.lexfind.ch/tol/24551/de,GL SG,2
24422,7.3-2,Interkantonale Vereinbarung über das Strassenunternehmen Gägelhof-Bergli,7,"Öffentliche Werke, Energie, Verkehr, Umweltschutz",7.3,Strassen,True,2,,1992-08-18,1992-10-06,1992-08-18,family_active_since,True,https://www.lexfind.ch/tol/24422/de,,0
24423,7.3-3,Interkantonale Vereinbarung über das Strassenunternehmen Landscheidi-Sönderli-Hofstetten,7,"Öffentliche Werke, Energie, Verkehr, Umweltschutz",7.3,Strassen,True,2,,1997-05-21,1997-05-21,1997-05-21,family_active_since,True,https://www.lexfind.ch/tol/24423/de,,0
24421,7.3-4,Interkantonale Vereinbarung über das Strassenunternehmen Fuchsacker,7,"Öffentliche Werke, Energie, Verkehr, Umweltschutz",7.3,Strassen,True,2,,1997-05-21,1997-05-21,1997-05-21,family_active_since,True,https://www.lexfind.ch/tol/24421/de,,0
24450,7.3-5,Interkantonale Vereinbarung über die Strassenkorporation «Suruggen-Flecken-Kellersegg»,7,"Öffentliche Werke, Energie, Verkehr, Umweltschutz",7.3,Strassen,True,2,,1988-08-09,1988-09-20,1988-08-09,family_active_since,True,https://www.lexfind.ch/tol/24450/de,,0
24399,7.4-1,Interkantonale Vereinbarung über das öffentliche Beschaffungswesen,7,"Öffentliche Werke, Energie, Verkehr, Umweltschutz",7.4,Submission,True,2,,1996-01-01,2003-01-28,1996-01-01,family_active_since,True,https://www.lexfind.ch/tol/24399/de,,0
24636,7.4-1.1,IVöB Anhang 1: Schwellenwerte im Staatsvertragsbereich,7,"Öffentliche Werke, Energie, Verkehr, Umweltschutz",7.4,Submission,True,2,,2001-03-15,2010-07-01,2001-03-15,family_active_since,True,https://www.lexfind.ch/tol/24636/de,,0
24637,7.4-1.2,IVöB Anhang 2: Schwellenwerte und Verfahren im von Staatsverträgen nicht erfassten Bereich,7,"Öffentliche Werke, Energie, Verkehr, Umweltschutz",7.4,Submission,True,2,,2001-03-15,2003-01-28,2001-03-15,family_active_since,True,https://www.lexfind.ch/tol/24637/de,,0
24569,7.5-1,Vertrag zwischen den Kantonen St.Gallen und Appenzell A.Rh. betreffend die Gründung einer Gesellschaft «St.Gallisch- Appenzellische Kraftwerke AG»,7,"Öffentliche Werke, Energie, Verkehr, Umweltschutz",7.5,Energie,True,2,,1914-09-15,1914-08-29,1914-09-15,family_active_since,True,https://www.lexfind.ch/tol/24569/de,AR SG,2
24577,7.5-1.1,"Vertrag zwischen den St.Gallisch-Appenzellischen Kraftwerken AG in St.Gallen, im nachstehenden «SAK» genannt, und dem Kanton Appenzell I.Rh., im nachstehenden «Kanton» genannt, betreffend Beitritt des Kantons Appenzell I.Rh. zu den SAK",7,"Öffentliche Werke, Energie, Verkehr, Umweltschutz",7.5,Energie,True,2,,1951-03-29,1951-05-26,1951-03-29,family_active_since,True,https://www.lexfind.ch/tol/24577/de,AI SG,2
24570,7.5-2,"Vertrag zwischen den Kantonen Zürich, Schwyz und Zug einerseits und den Schweizerischen Bundesbahnen anderseits über die Ausnützung der Wasserkräfte der Sihl beim Etzel",7,"Öffentliche Werke, Energie, Verkehr, Umweltschutz",7.5,Energie,True,2,,1929-05-24,1929-11-19,1929-05-24,family_active_since,True,https://www.lexfind.ch/tol/24570/de,SZ ZG ZH,3
34569,7.5-4,"Vertrag zwischen den Kantonen Aargau, Glarus, Zürich, St. Gallen, Thurgau, Schaffhausen, Schwyz, Appenzell A.-Rh. und Zug betreffend Gründung der Gesellschaft der Nordostschweizerischen Kraftwerke AG",7,"Öffentliche Werke, Energie, Verkehr, Umweltschutz",7.5,Energie,True,2,,1914-06-03,1914-07-12,1914-06-03,family_active_since,True,https://www.lexfind.ch/tol/34569/de,AG GL SG SH SZ TG ZG ZH,8
24453,7.5-5,Interkantonale Vereinbarung über die Versorgung der Gebiete Faulenschwendi-Oberreute-Spielberg des Bezirks Oberegg durch die Elektrizitätsversorgung der politischen Gemeinde Rebstein,7,"Öffentliche Werke, Energie, Verkehr, Umweltschutz",7.5,Energie,True,2,,1996-09-16,1996-10-22,1996-09-16,family_active_since,True,https://www.lexfind.ch/tol/24453/de,,0
24456,7.5-6,Interkantonale Vereinbarung über die Versorgung des Gebietes Mohren der Einwohnergemeinde Reute AR durch die Elektrizitätsversorgung der politischen Gemeinde Rebstein,7,"Öffentliche Werke, Energie, Verkehr, Umweltschutz",7.5,Energie,True,2,,1996-09-16,1996-10-22,1996-09-16,family_active_since,True,https://www.lexfind.ch/tol/24456/de,,0
24454,7.5-7,"Interkantonale Vereinbarung über die Versorgung der Gebiete Kapf, Honegg und Landmark des Bezirks Oberegg durch das Elektrizitätswerk der politischen Gemeinde Altstätten",7,"Öffentliche Werke, Energie, Verkehr, Umweltschutz",7.5,Energie,True,2,,1997-06-10,1997-06-24,1997-06-10,family_active_since,True,https://www.lexfind.ch/tol/24454/de,,0
24451,7.5-8,Interkantonale Vereinbarung über die Versorgung der Gebiete Beldschwende und Tüfi der Einwohnergemeinde Schwellbrunn AR durch die Elektrokorporation Wald-St.Peterzell,7,"Öffentliche Werke, Energie, Verkehr, Umweltschutz",7.5,Energie,True,2,,2000-03-21,2000-05-30,2000-03-21,family_active_since,True,https://www.lexfind.ch/tol/24451/de,,0
24572,7.6-1,Vertrag zwischen den Regierungen der Kantone Thurgau und St.Gallen über den Bau und Betrieb einer zentralen Wasserversorgung durch den Zweckverband Regionalwasserversorgung Mittelthurgau-Süd,7,"Öffentliche Werke, Energie, Verkehr, Umweltschutz",7.6,Wasser,True,2,,1974-08-13,1974-08-13,1974-08-13,family_active_since,True,https://www.lexfind.ch/tol/24572/de,SG TG,2
24571,7.6-2,Vertrag zwischen den Regierungen der Kantone St.Gallen und Thurgau über den Bau und Betrieb einer Wasserversorgungsanlage in der Gemeinde Niederbüren durch den Zweckverband Pumpwerk Grueben,7,"Öffentliche Werke, Energie, Verkehr, Umweltschutz",7.6,Wasser,True,2,,1974-08-13,1975-02-11,1974-08-13,family_active_since,True,https://www.lexfind.ch/tol/24571/de,SG TG,2
24520,7.6-3,Vereinbarung über den Betrieb der Wasserversorgung durch den Zweckverband Gruppenwasserversorgung Oberes Neckertal,7,"Öffentliche Werke, Energie, Verkehr, Umweltschutz",7.6,Wasser,True,2,,1979-03-23,1979-03-23,1979-03-23,family_active_since,True,https://www.lexfind.ch/tol/24520/de,,0
24460,7.6-4,Interkantonale Vereinbarung über örtliche Korporationen im Grenzgebiet der Kantone St.Gallen und Thurgau,7,"Öffentliche Werke, Energie, Verkehr, Umweltschutz",7.6,Wasser,True,2,,1990-08-21,1991-01-01,1990-08-21,family_active_since,True,https://www.lexfind.ch/tol/24460/de,SG TG,2
24431,7.6-5,Interkantonale Vereinbarung über den Zweckverband Gruppenwasserversorgung BHW,7,"Öffentliche Werke, Energie, Verkehr, Umweltschutz",7.6,Wasser,True,2,,1993-10-05,1993-11-30,1993-10-05,family_active_since,True,https://www.lexfind.ch/tol/24431/de,,0
24455,7.6-6,Interkantonale Vereinbarung über die Versorgung des Gebietes Kapf des Bezirks Oberegg durch das Wasserwerk der politischen Gemeinde Altstätten,7,"Öffentliche Werke, Energie, Verkehr, Umweltschutz",7.6,Wasser,True,2,,1997-06-10,1997-06-24,1997-06-10,family_active_since,True,https://www.lexfind.ch/tol/24455/de,,0
24452,7.6-7,"Interkantonale Vereinbarung über die Versorgung der Gebiete Biäsche, Escherau, Blumenriet, Klosterguet und Unterflechsen der Ortsgemeinde Mollis mit Trink-, Brauch- und Löschwasser durch die Wasserversorgung der politischen Gemeinde Weesen",7,"Öffentliche Werke, Energie, Verkehr, Umweltschutz",7.6,Wasser,True,2,,1999-04-12,1999-05-18,1999-04-12,family_active_since,True,https://www.lexfind.ch/tol/24452/de,,0
34559,7.6-8,"Staatsvertrag zwischen den Regierungen der Kantone Schaffhausen und Zürich über den Bau und Betrieb einer gemeinsamen Wassergewinnungsanlage durch die Einwohnergemeinden Buchberg und Rüdlingen sowie die Politischen Gemeinden Bülach, Eglisau, Hüntwangen, Rafz, Wasterkingen und Wil",7,"Öffentliche Werke, Energie, Verkehr, Umweltschutz",7.6,Wasser,True,2,,2001-08-22,2001-09-18,2001-08-22,family_active_since,True,https://www.lexfind.ch/tol/34559/de,SH ZH,2
24515,7.7-1,Vereinbarung über Bau und Betrieb der zentralen Abwasserreinigungsanlage Rosenbergsau,7,"Öffentliche Werke, Energie, Verkehr, Umweltschutz",7.7,Umweltschutz,True,2,,1977-01-25,1977-02-17,1977-01-25,family_active_since,True,https://www.lexfind.ch/tol/24515/de,,0
24556,7.7-10,Vereinbarung zwischen den Kantonen Thurgau und St.Gallen über den Bau und Betrieb einer zentralen Abwasserreinigungsanlage durch den Abwasserverband Aachtal,7,"Öffentliche Werke, Energie, Verkehr, Umweltschutz",7.7,Umweltschutz,True,2,,1970-09-01,1970-09-21,1970-09-01,family_active_since,True,https://www.lexfind.ch/tol/24556/de,SG TG,2
24557,7.7-11,Vereinbarung zwischen den Kantonen Thurgau und St.Gallen über den Bau und Betrieb einer zentralen Abwasserreinigungsanlage durch den Abwasserverband Oberes Murgtal,7,"Öffentliche Werke, Energie, Verkehr, Umweltschutz",7.7,Umweltschutz,True,2,,1970-12-15,1971-02-16,1970-12-15,family_active_since,True,https://www.lexfind.ch/tol/24557/de,SG TG,2
24516,7.7-12,Vereinbarung über Bau und Betrieb einer zentralen Abwasserreinigungsanlage Wald-Schönengrund,7,"Öffentliche Werke, Energie, Verkehr, Umweltschutz",7.7,Umweltschutz,True,2,,1977-06-09,1977-08-09,1977-06-09,family_active_since,True,https://www.lexfind.ch/tol/24516/de,,0
24514,7.7-13,Vereinbarung über Bau und Betrieb der gemeinsamen zentralen Abwasserreinigungsanlage Niederbüren,7,"Öffentliche Werke, Energie, Verkehr, Umweltschutz",7.7,Umweltschutz,True,2,,1977-02-22,1979-05-29,1977-02-22,family_active_since,True,https://www.lexfind.ch/tol/24514/de,,0
24518,7.7-14,Vereinbarung über den Abwasserverband Mühlehorn-Obstalden-Murg,7,"Öffentliche Werke, Energie, Verkehr, Umweltschutz",7.7,Umweltschutz,True,2,,1980-10-14,1980-12-02,1980-10-14,family_active_since,True,https://www.lexfind.ch/tol/24518/de,,0
24424,7.7-15,"Interkantonale Vereinbarung über den Anschluss der Gemeinden Fläsch, Jenins und Maienfeld an die Abwasserreinigungsanlage Bad Ragaz",7,"Öffentliche Werke, Energie, Verkehr, Umweltschutz",7.7,Umweltschutz,True,2,,1985-03-19,1985-04-01,1985-03-19,family_active_since,True,https://www.lexfind.ch/tol/24424/de,,0
24524,7.7-16,Vereinbarung über den Zweckverband Abfallverwertung Bazenheid,7,"Öffentliche Werke, Energie, Verkehr, Umweltschutz",7.7,Umweltschutz,True,2,,1967-01-17,1986-04-01,1967-01-17,family_active_since,True,https://www.lexfind.ch/tol/24524/de,,0
24429,7.7-17,Interkantonale Vereinbarung über den Zweckverband Abwasserverband Obersee,7,"Öffentliche Werke, Energie, Verkehr, Umweltschutz",7.7,Umweltschutz,True,2,,2002-12-10,2003-01-08,2002-12-10,family_active_since,True,https://www.lexfind.ch/tol/24429/de,,0
34570,7.7-18,Vertrag zwischen den Regierungen der Kantone Schaffhausen und Thurgau über den Bau und Betrieb einer gemeinsamen zentralen Abwasserreinigungsanlage,7,"Öffentliche Werke, Energie, Verkehr, Umweltschutz",7.7,Umweltschutz,True,2,,1969-07-23,1969-11-03,1969-07-23,family_active_since,True,https://www.lexfind.ch/tol/34570/de,SH TG,2
34571,7.7-19,Vertrag zwischen den Regierungen der Kantone Schaffhausen und Zürich über den Bau und Betrieb einer gemeinsamen Kläranlage sowie einer Kehricht- und Klärschlammbeseitigungsanlage durch die Einwohnergemeinden Schaffhausen und Neuhausen am Rheinfall und die politischen Gemeinden Feuerthalen und Flurlingen,7,"Öffentliche Werke, Energie, Verkehr, Umweltschutz",7.7,Umweltschutz,True,2,,1957-12-16,1967-06-26,1957-12-16,family_active_since,True,https://www.lexfind.ch/tol/34571/de,SH ZH,2
24432,7.7-2,Interkantonale Vereinbarung über den Zweckverband Kehrichtverwertung Rheintal,7,"Öffentliche Werke, Energie, Verkehr, Umweltschutz",7.7,Umweltschutz,True,2,,1994-03-15,1994-05-24,1994-03-15,family_active_since,True,https://www.lexfind.ch/tol/24432/de,,0
34574,7.7-20,"Staatsvertrag zwischen den Regierungen der Kantone Thurgau und Zürich über den Bau und Betrieb einer gemeinsamen Abwasserreinigungsanlage durch die Politischen Gemeinden Aadorf, Eschlikon, Bichselsee-Balterswil sowie der Gemeinde Hagenbuch",7,"Öffentliche Werke, Energie, Verkehr, Umweltschutz",7.7,Umweltschutz,True,2,,1998-11-03,1999-02-03,1998-11-03,family_active_since,True,https://www.lexfind.ch/tol/34574/de,TG ZH,2
34575,7.7-21,Staatsvertrag zwischen den Regierungen der Kantone Thurgau und Zürich über den Bau und Betrieb einer gemeinsamen Kläranlage durch die Ortsgemeinde Niederneunforn sowie die politische Gemeinde Altikon,7,"Öffentliche Werke, Energie, Verkehr, Umweltschutz",7.7,Umweltschutz,True,2,,1978-07-05,1978-08-22,1978-07-05,family_active_since,True,https://www.lexfind.ch/tol/34575/de,TG ZH,2
34576,7.7-22,Staatsvertrag zwischen den Regierungen der Kantone Thurgau und Zürich über den Bau und Betrieb einer gemeinsamen Kläranlage durch die Ortsgemeinde Oberneunforn sowie die politischen Gemeinden Ossingen und Truttikon,7,"Öffentliche Werke, Energie, Verkehr, Umweltschutz",7.7,Umweltschutz,True,2,,1974-06-19,1974-08-27,1974-06-19,family_active_since,True,https://www.lexfind.ch/tol/34576/de,TG ZH,2
24430,7.7-3,Interkantonale Vereinbarung über den Zweckverband für die Kehrichtbeseitigung im Linthgebiet,7,"Öffentliche Werke, Energie, Verkehr, Umweltschutz",7.7,Umweltschutz,True,2,,1994-05-17,1994-09-06,1994-05-17,family_active_since,True,https://www.lexfind.ch/tol/24430/de,,0
35184,7.7-3.1,Statuten des Zweckverbandes für die Kehrichtbeseitigung im Linthgebiet,7,"Öffentliche Werke, Energie, Verkehr, Umweltschutz",7.7,Umweltschutz,True,2,,1994-05-04,1995-09-26,1994-05-04,family_active_since,True,https://www.lexfind.ch/tol/35184/de,,0
24442,7.7-4,Interkantonale Vereinbarung über die Gründung einer interkantonalen Umweltagentur,7,"Öffentliche Werke, Energie, Verkehr, Umweltschutz",7.7,Umweltschutz,True,2,,2003-09-24,2003-11-27,2003-09-24,family_active_since,True,https://www.lexfind.ch/tol/24442/de,,0
24573,7.7-6,Vertrag zwischen den Regierungen der Kantone Zürich und St.Gallen über den Bau und Betrieb gemeinsamer Kehrichtverwertungsanlagen im Zürcher Oberland,7,"Öffentliche Werke, Energie, Verkehr, Umweltschutz",7.7,Umweltschutz,True,2,,1961-07-06,1962-02-05,1961-07-06,family_active_since,True,https://www.lexfind.ch/tol/24573/de,SG ZH,2
24555,7.7-7,"Vereinbarung zwischen den Kantonen Thurgau und St.Gallen über den Bau und Betrieb einer gemeinsamen zentralen Abwasserreinigungsanlage durch die thurgauischen Ortsgemeinden Arbon und Frasnacht, die thurgauischen Munizipalgemeinden Horn, Roggwil und Egnach sowie die st.gallischen politischen Gemeinden Berg, Mörschwil, Steinach und Tübach",7,"Öffentliche Werke, Energie, Verkehr, Umweltschutz",7.7,Umweltschutz,True,2,,1967-02-07,1967-02-07,1967-02-07,family_active_since,True,https://www.lexfind.ch/tol/24555/de,SG TG,2
24549,7.7-8,"Vereinbarung zwischen den Kantonen St.Gallen und Appenzell Ausserrhoden über den Bau und Betrieb einer gemeinsamen zentralen Abwasserreinigungsanlage durch die st.gallischen politischen Gemeinden Rorschach, Rorschacherberg, Goldach, Thal, Rheineck und St.Margrethen sowie die appenzell-ausserrhodischen Einwohnergemeinden Heiden, Wolfhalden, Walzenhausen und Lutzenberg",7,"Öffentliche Werke, Energie, Verkehr, Umweltschutz",7.7,Umweltschutz,True,2,,1967-07-10,1967-07-31,1967-07-10,family_active_since,True,https://www.lexfind.ch/tol/24549/de,AR SG,2
24553,7.7-9,"Vereinbarung zwischen den Kantonen St.Gallen und Thurgau über den Anschluss des Abwassers aus den Ortsgemeinden Rickenbach, Wilen und Busswil (Kanton Thurgau) an das Kanalnetz und die zentrale Kläranlage der politischen Gemeinde Wil (St.Gallen)",7,"Öffentliche Werke, Energie, Verkehr, Umweltschutz",7.7,Umweltschutz,True,2,,1970-04-28,1970-06-15,1970-04-28,family_active_since,True,https://www.lexfind.ch/tol/24553/de,SG TG,2
24476,7.8-1,Konkordat über die nicht eidgenössisch konzessionierten Seilbahnen und Skilifte,7,"Öffentliche Werke, Energie, Verkehr, Umweltschutz",7.8,Verkehr,True,2,,1951-10-15,1973-06-18,1951-10-15,family_active_since,True,https://www.lexfind.ch/tol/24476/de,,0
24449,7.8-2,Interkantonale Vereinbarung über die Schiffahrt auf dem Zürichsee und dem Walensee,7,"Öffentliche Werke, Energie, Verkehr, Umweltschutz",7.8,Verkehr,True,2,,1980-02-26,1980-06-01,1980-02-26,family_active_since,True,https://www.lexfind.ch/tol/24449/de,ZH,1
24517,8.3-1,Vereinbarung über das Rehabilitationszentrum für Drogenabhängige Lutzenberg (Drogenheim),8,"Gesundheit, Soziale Sicherheit",8.3,Suchtprävention,True,2,,1981-11-09,1982-07-01,1981-11-09,family_active_since,True,https://www.lexfind.ch/tol/24517/de,,0
24405,8.3-1.1,Ausführungsbestimmungen zur Vereinbarung über das Rehabilitationszentrum für Drogenabhängige Lutzenberg (Drogenheim),8,"Gesundheit, Soziale Sicherheit",8.3,Suchtprävention,True,2,,1983-01-19,1983-05-01,1983-01-19,family_active_since,True,https://www.lexfind.ch/tol/24405/de,,0
24437,8.4-1,Interkantonale Vereinbarung über die Berufsberatung in der Invalidenversicherung,8,"Gesundheit, Soziale Sicherheit",8.4,Sozialversicherungsrecht,True,2,,1994-11-02,1995-01-01,1994-11-02,family_active_since,True,https://www.lexfind.ch/tol/24437/de,,0
24418,8.7-1,Interkantonale Vereinbarung für soziale Einrichtungen,8,"Gesundheit, Soziale Sicherheit",8.7,Fürsorge,True,2,,2003-05-20,2008-01-01,2003-05-20,family_active_since,True,https://www.lexfind.ch/tol/24418/de,,0
24415,9.2-3,Interkantonale Vereinbarung betreffend die Melioration der Linthebene in den Kantonen Schwyz und St.Gallen,9,Wirtschaft,9.2,Landwirtschaft / Meliorationen,True,2,,1995-10-25,2011-01-01,1995-10-25,family_active_since,True,https://www.lexfind.ch/tol/24415/de,SG SZ,2
24440,9.2-4,Interkantonale Vereinbarung über die Flurgenossenschaft Hinter der Rötelbachbrücke,9,Wirtschaft,9.2,Landwirtschaft / Meliorationen,True,2,,2001-03-27,2001-04-24,2001-03-27,family_active_since,True,https://www.lexfind.ch/tol/24440/de,,0
24398,9.4-1,Interkantonale Vereinbarung zum Abbau technischer Handelshemmnisse,9,Wirtschaft,9.4,Handel,True,2,,1998-10-23,2003-02-04,1998-10-23,family_active_since,True,https://www.lexfind.ch/tol/24398/de,,0
24414,9.5-1,Interkantonale Vereinbarung betreffend die gemeinsame Durchführung von Lotterien,9,Wirtschaft,9.5,Lotterien / Geldspiele,False,2,,1937-05-26,1984-02-03,1937-05-26,family_active_since,True,https://www.lexfind.ch/tol/24414/de,,0
34566,9.5-6,"Vereinbarung zwischen den Kantonen Appenzell Ausserrhoden, Appenzell Innerrhoden, Glarus, Graubünden, Schaffhausen, St. Gallen und Thurgau sowie der Eidgenössischen Spielbankenkommission über die Zusammenarbeit bei der Verfolgung von Widerhandlungen gegen die eidgenössische Spielbankengesetzgebung",9,Wirtschaft,9.5,Lotterien / Geldspiele,True,2,,2002-08-12,2002-11-18,2002-08-12,family_active_since,True,https://www.lexfind.ch/tol/34566/de,AI AR GL GR SG SH TG,7
